Date,Open,High,Low,Close,run,bar,fast_sma_5,slow_sma_12,ci95_lower_12,ci95_upper_12,bb_mid_20,bb_upper_20_2sd,bb_lower_20_2sd,bb_percent_b,bb_width_pct,rsi_14,macd_12_26,macd_signal_9,macd_histogram,true_range,atr_14,bar_change,bar_return_pct,direction
2026-09-14 09:00:00,1.3221,1.3442,1.3221,1.3429,1,1,,,,,,,,,,,,,,0.02210000000000001,,,,Up
2026-09-14 10:00:00,1.3429,1.3444,1.3384,1.3393,1,2,,,,,,,,,,,,,,0.006000000000000005,,-0.0036000000000000476,-0.2680765507483862,Down
2026-09-14 11:00:00,1.3393,1.3418,1.3389,1.3412,1,3,,,,,,,,,,,,,,0.0029000000000001247,,0.0019000000000000128,0.1418651534383697,Up
2026-09-14 12:00:00,1.3412,1.3453,1.3409,1.3437,1,4,,,,,,,,,,,,,,0.0043999999999999595,,0.0024999999999999467,0.18640023859231025,Up
2026-09-14 13:00:00,1.3437,1.3446,1.3257,1.3266,1,5,1.33874,,,,,,,,,,,,,0.018899999999999917,,-0.017099999999999893,-1.272605492297385,Down
2026-09-14 14:00:00,1.3266,1.328,1.3263,1.3267,1,6,1.3355,,,,,,,,,,,,,0.0017000000000000348,,9.999999999998899e-05,0.007538067239565294,Up
2026-09-14 15:00:00,1.3267,1.3397,1.3257,1.3389,1,7,1.3354199999999998,,,,,,,,,,,,,0.01399999999999979,,0.012199999999999989,0.9195748850531427,Up
2026-09-14 16:00:00,1.3389,1.3605,1.3385,1.3592,1,8,1.33902,,,,,,,,,,,,,0.02200000000000002,,0.020299999999999985,1.516169990290539,Up
2026-09-14 17:00:00,1.3592,1.374,1.3576,1.3734,1,9,1.34496,,,,,,,,,,,,,0.016400000000000192,,0.01419999999999999,1.0447321954090594,Up
2026-09-15 09:00:00,1.3734,1.3736,1.3698,1.3702,1,10,1.35368,,,,,,,,,,,,,0.0038000000000000256,,-0.0031999999999998696,-0.23299839813600842,Down
2026-09-15 10:00:00,1.3702,1.3884,1.3686,1.3875,1,11,1.36584,,,,,,,,,,,,,0.01980000000000004,,0.01729999999999987,1.262589403006853,Up
2026-09-15 11:00:00,1.3875,1.3882,1.3801,1.3807,1,12,1.3741999999999999,1.352525,1.3392412798630062,1.3658087201369937,,,,,,,,,,0.008099999999999996,,-0.006799999999999917,-0.4900900900900895,Down
2026-09-15 12:00:00,1.3807,1.3837,1.3791,1.3825,1,13,1.37886,1.355825,1.341639232567284,1.3700107674327162,,,,,,,,,,0.0045999999999999375,,0.0018000000000000238,0.13036865358151406,Up
2026-09-15 13:00:00,1.3825,1.3842,1.3815,1.3826,1,14,1.3807,1.3594333333333333,1.344880320022381,1.3739863466442856,,,,,,,,,,0.0027000000000001467,0.014353098661053207,9.999999999998899e-05,0.007233273056050926,Up
2026-09-15 14:00:00,1.3826,1.3957,1.3811,1.3957,1,15,1.3858000000000001,1.363975,1.3485226475838108,1.379427352416189,,,,,,62.128172067835806,,,,0.014599999999999946,0.014370734470977975,0.01309999999999989,0.9474902357876402,Up
2026-09-15 15:00:00,1.3957,1.3979,1.395,1.3967,1,16,1.38764,1.3683916666666667,1.3524417254636447,1.3843416078696886,,,,,,62.563964919328974,,,,0.0028999999999999027,0.013551396294479542,0.001000000000000112,0.07164863509350194,Up
2026-09-15 16:00:00,1.3967,1.4146,1.3966,1.4145,1,17,1.3944,1.3757166666666667,1.3600739021894137,1.3913594311439197,,,,,,69.32933696932886,,,,0.018000000000000016,0.013869153702016718,0.017800000000000038,1.2744325911076215,Up
2026-09-15 17:00:00,1.4145,1.4158,1.4127,1.413,1,18,1.4004999999999999,1.3829083333333332,1.369315782905578,1.3965008837610884,,,,,,68.21064648207441,,,,0.0030999999999998806,0.013099928437586944,-0.0015000000000000568,-0.10604453870626251,Down
2026-09-16 09:00:00,1.413,1.4137,1.3867,1.3881,1,19,1.4016,1.3870083333333334,1.3766513836815815,1.3973652829850853,,,,,,52.93966751309893,,,,0.026999999999999913,0.014092790692045014,-0.024900000000000144,-1.7622080679405627,Down
2026-09-16 10:00:00,1.3881,1.4042,1.3878,1.403,1,20,1.40306,1.3906583333333333,1.3815806305284875,1.3997360361381792,1.37032,1.4272684938112363,1.3133715061887636,0.7869259379213999,8.311707310881596,58.873175078054054,,,,0.01639999999999997,0.014257591356898941,0.014900000000000135,1.07340969670775,Up
2026-09-16 11:00:00,1.403,1.4055,1.4027,1.4051,1,21,1.4047399999999999,1.3933,1.3845790710290982,1.4020209289709018,1.37343,1.4308650379032464,1.3159949620967535,0.7757027866278293,8.363737198582593,59.64544091896418,,,,0.0027999999999999137,0.013439191974263296,0.0020999999999999908,0.1496792587312834,Up
2026-09-16 12:00:00,1.4051,1.4247,1.4043,1.4234,1,22,1.40652,1.3977333333333333,1.3887296786175278,1.4067369880491387,1.3776350000000002,1.4368362188708095,1.3184337811291909,0.8865207581272068,8.594615971691965,65.69135164503871,,,,0.020399999999999974,0.013936392547530202,0.018299999999999983,1.3023984058074145,Up
2026-09-16 13:00:00,1.4234,1.4399,1.4232,1.4383,1,23,1.41158,1.4019666666666668,1.3905769806251156,1.413356352708218,1.3824900000000002,1.4449467859024396,1.3200332140975608,0.9467889212805288,9.03540508827397,69.6750713462259,,,,0.016699999999999937,0.01413379307984947,0.014899999999999913,1.0467893775467196,Up
2026-09-16 14:00:00,1.4383,1.4394,1.4375,1.4388,1,24,1.42172,1.4068083333333332,1.394455469688799,1.4191611969778675,1.3872449999999998,1.4517152942610412,1.3227747057389585,0.8998353085783443,9.29472360845292,69.80178832477998,,,,0.0019000000000000128,0.01325995071700308,0.000500000000000167,0.03476326218454506,Up
2026-09-16 15:00:00,1.4388,1.4587,1.4382,1.4585,1,25,1.43282,1.4131416666666665,1.3986053287296274,1.4276780046037056,1.39384,1.4591692358185182,1.3285107641814817,0.9948779760689578,9.373993545675004,74.3496675664538,,,,0.020500000000000185,0.013777097094360015,0.01969999999999983,1.369196552682772,Up
2026-09-16 16:00:00,1.4585,1.4865,1.4581,1.4847,1,26,1.4487400000000001,1.4216499999999999,1.403398575294851,1.4399014247051487,1.40174,1.470979672230061,1.332500327769939,1.0990785147303321,9.879103432884985,78.90074796666346,0.027112219742399635,,,0.02839999999999998,0.014821590159048584,0.0262,1.7963661295851807,Up
2026-09-16 17:00:00,1.4847,1.4898,1.4836,1.4881,1,27,1.4616799999999999,1.4293500000000001,1.4082706155008373,1.450429384499163,1.4091999999999998,1.4819913817917878,1.3364086182082118,1.0419597626658965,10.330880186174854,79.41126872328695,0.030015488039479843,,,0.006199999999999983,0.014205762290545114,0.0034000000000000696,0.22900249208595014,Up
2026-09-17 09:00:00,1.4881,1.4884,1.4568,1.4585,1,28,1.46572,1.4345,1.413891215650467,1.4551087843495332,1.4141650000000001,1.4861383071865422,1.342191692813458,0.8079961289335457,10.178912246667403,64.7276344975829,0.029586818038167095,,,0.03159999999999985,0.015448207841220453,-0.02960000000000007,-1.9891136348363703,Down
2026-09-17 10:00:00,1.4585,1.4589,1.4528,1.4541,1,29,1.46878,1.4378,1.4173220904444224,1.4582779095555776,1.4182000000000001,1.489596800753918,1.3468031992460823,0.7514118253262898,10.068650508238308,62.8667555635513,0.028562796606504293,,,0.006099999999999994,0.014780478709704706,-0.0043999999999999595,-0.3016798080219374,Down
2026-09-17 11:00:00,1.4541,1.4555,1.4353,1.436,1,30,1.46428,1.4397166666666665,1.4198351631759227,1.4595981701574103,1.42149,1.489560393904514,1.353419606095486,0.6065808435041083,9.577329971299688,55.764493003023226,0.025991124013531763,,,0.020199999999999996,0.015167587373297226,-0.018100000000000005,-1.2447562065882711,Down
2026-09-17 12:00:00,1.436,1.4554,1.4344,1.4543,1,31,1.4582000000000002,1.4452333333333334,1.4281482923115545,1.4623183743551122,1.42483,1.4924318716651506,1.3572281283348495,0.717967337842156,9.489114022746646,60.60979762405017,0.025139914728284918,,,0.02100000000000013,0.015584188275204577,0.018299999999999983,1.27437325905293,Up
2026-09-17 13:00:00,1.4543,1.4826,1.4538,1.4809,1,32,1.45676,1.451725,1.435769867236096,1.467680132763904,1.42984,1.4985145919459828,1.3611654080540172,0.8717532099802081,9.605912821851787,66.37514780596489,0.026308455433823763,,,0.028799999999999937,0.016528174826975675,0.02660000000000018,1.8290586536478193,Up
2026-09-17 14:00:00,1.4809,1.4826,1.4637,1.4644,1,33,1.45794,1.4566666666666668,1.4436310591892687,1.4697022741440648,1.433935,1.5004574702835924,1.3674125297164075,0.7289827773241461,9.278310423218972,60.46338591374874,0.025607928004444114,,,0.018899999999999917,0.016697590910763123,-0.01650000000000018,-1.1141873185225304,Down
2026-09-17 15:00:00,1.4644,1.465,1.4351,1.4368,1,34,1.4544799999999998,1.4577833333333332,1.4458146929946913,1.469751973671975,1.436645,1.498622805025584,1.3746671949744158,0.5012504476395715,8.628130822239891,52.103702360527784,0.022565544086788458,0.025912089028962873,-0.0033465449421744148,0.029900000000000038,0.017640620131422903,-0.027599999999999847,-1.8847309478284502,Down
2026-09-17 16:00:00,1.4368,1.4516,1.4367,1.4505,1,35,1.45738,1.4588,1.447362832209567,1.4702371677904331,1.4393850000000001,1.4985213197687288,1.3802486802312715,0.5939777791674261,8.216887041163925,55.40001400788676,0.02101763025857628,0.024933197274885556,-0.003915567016309275,0.014899999999999913,0.017444861550606976,0.013699999999999823,0.9535077951002169,Up
2026-09-17 17:00:00,1.4505,1.4712,1.4498,1.4695,1,36,1.4604199999999998,1.4613583333333333,1.4505209757730568,1.4721956908936098,1.443025,1.500022059019233,1.386027940980767,0.7322488252513725,7.899663418060396,59.557076733939496,0.021081029620990455,0.024162763744106537,-0.0030817341231160825,0.021400000000000086,0.01772737143984934,0.019000000000000128,1.3098931402964586,Up
2026-09-18 09:00:00,1.4695,1.491,1.4676,1.4896,1,37,1.46216,1.4639499999999999,1.451972450248227,1.4759275497517728,1.44678,1.505726384202308,1.3878336157976918,0.863211421527051,8.148631333348282,63.43940496965275,0.022493880635747976,0.023828987122434826,-0.0013351064866868496,0.023400000000000087,0.01813255919414582,0.020100000000000007,1.367812181013961,Up
2026-09-18 10:00:00,1.4896,1.4898,1.4873,1.4883,1,38,1.46694,1.4642499999999998,1.4520278645293618,1.4764721354706378,1.450545,1.510023487044077,1.391066512955923,0.8173836615247236,8.200846860190754,63.01805141745202,0.023240770967700497,0.02371134389148796,-0.00047057292378746216,0.0024999999999999467,0.0170159478231354,-0.0013000000000000789,-0.08727175080559535,Down
2026-09-18 11:00:00,1.4883,1.4891,1.4785,1.4798,1,39,1.47554,1.4635583333333333,1.4518464404445892,1.4752702262220774,1.45513,1.508124661101501,1.4021353388984992,0.7327592958161335,7.28383870877528,60.20250694250377,0.02288302668683495,0.023545680450557358,-0.0006626537637224074,0.010600000000000165,0.0165576658357686,-0.008499999999999952,-0.5711214136934761,Down
2026-09-18 12:00:00,1.4798,1.5054,1.4798,1.5046,1,40,1.4863600000000001,1.4673999999999998,1.4535599409482278,1.4812400590517718,1.4602099999999998,1.5116189445422399,1.4088010554577597,0.9317342088547175,7.041308379238617,65.10164636834884,0.024320315051548747,0.02370060737075564,0.0006197076807931065,0.025600000000000067,0.017203546847499418,0.024799999999999933,1.6759021489390458,Up
2026-09-18 13:00:00,1.5046,1.5134,1.5039,1.5124,1,41,1.4949400000000002,1.4722583333333334,1.4564793228955797,1.4880373437710872,1.465575,1.5151302801371702,1.41601971986283,0.9724521773500949,6.762571705599528,66.49851556264525,0.0257914633139138,0.024118778559387273,0.0016726847545265253,0.009500000000000064,0.016653293501249465,0.007800000000000029,0.5184102086933429,Up
2026-09-18 14:00:00,1.5124,1.5377,1.5111,1.5366,1,42,1.50434,1.4806416666666669,1.462705418490657,1.4985779148426768,1.471235,1.5260837019469273,1.4163862980530728,1.0958664260026465,7.45614425253984,70.45042903431347,0.028580636872018284,0.025011150221913477,0.003569486650104807,0.026599999999999957,0.0173637725368745,0.0242,1.6001057921184891,Up
2026-09-18 15:00:00,1.5366,1.551,1.536,1.5494,1,43,1.5165600000000001,1.4885666666666666,1.4675407497919253,1.509592583541408,1.4767899999999998,1.5395303974619532,1.4140496025380465,1.0786542876464242,8.496861092227517,72.31093454662744,0.031461264168288094,0.0263011730111884,0.005160091157099693,0.014999999999999902,0.017194931641383457,0.012800000000000145,0.8330079396069445,Up
2026-09-18 16:00:00,1.5494,1.55,1.5333,1.5351,1,44,1.52762,1.493083333333333,1.4704909622279816,1.5156757044386846,1.481605,1.546802399851283,1.4164076001487171,0.9102540908228198,8.800915203618093,67.21900253474391,0.0322188922303992,0.027484716855030563,0.004734175375368636,0.016699999999999937,0.017159579381284634,-0.014300000000000201,-0.9229379114496061,Down
2026-09-18 17:00:00,1.5351,1.5633,1.5342,1.563,1,45,1.5393,1.5012999999999999,1.4762024221072856,1.5263975778927141,1.4868299999999999,1.5604379543756517,1.413222045624348,1.017403320375357,9.90132757284314,71.44402026784478,0.034670949632561676,0.028921963410536787,0.005748986222024889,0.029099999999999904,0.018012466568335727,0.027900000000000036,1.8174711745163163,Up
